{"300.jpg17432":{"filename":"300.jpg","size":17432,"regions":[{"shape_attributes":{"name":"polygon","all_points_x":[235,230,212,204,206,196,196,204,207,216,233,245,261,272,275,272,266,253,244],"all_points_y":[190,195,197,208,218,232,249,255,277,290,289,284,280,262,245,223,196,188,188]},"region_attributes":{"shape":"tumor"}}],"file_attributes":{}},"301.jpg18165":{"filename":"301.jpg","size":18165,"regions":[{"shape_attributes":{"name":"polygon","all_points_x":[350,339,341,350,373,373,359],"all_points_y":[323,333,353,361,351,330,322]},"region_attributes":{"shape":"tumor"}}],"file_attributes":{}},"302.jpg15470":{"filename":"302.jpg","size":15470,"regions":[{"shape_attributes":{"name":"polygon","all_points_x":[224,211,206,206,193,188,188,194,206,213,225,237,254,268,274,274,270,263,253,238,232,229],"all_points_y":[192,199,209,220,228,241,262,277,279,285,290,285,279,270,251,235,213,201,188,189,192,193]},"region_attributes":{"shape":"tumor"}}],"file_attributes":{}},"303.jpg14035":{"filename":"303.jpg","size":14035,"regions":[{"shape_attributes":{"name":"polygon","all_points_x":[188,166,150,147,166,199,223,249,258,243,209,193],"all_points_y":[136,156,179,202,208,210,203,179,149,124,124,127]},"region_attributes":{"shape":"tumor"}}],"file_attributes":{}},"304.jpg22290":{"filename":"304.jpg","size":22290,"regions":[{"shape_attributes":{"name":"polygon","all_points_x":[216,207,204,204,210,210,223,236,255,270,274,278,261,224,218],"all_points_y":[94,108,120,134,151,167,175,169,159,148,129,103,89,86,92]},"region_attributes":{"shape":"tumor"}}],"file_attributes":{}},"305.jpg22387":{"filename":"305.jpg","size":22387,"regions":[{"shape_attributes":{"name":"polygon","all_points_x":[213,204,202,206,226,245,251,268,274,281,284,286,262,235,216],"all_points_y":[92,110,130,150,178,178,168,152,172,170,118,95,83,85,90]},"region_attributes":{"shape":"tumor"}}],"file_attributes":{}},"306.jpg21361":{"filename":"306.jpg","size":21361,"regions":[{"shape_attributes":{"name":"polygon","all_points_x":[181,192,202,200,212,234,252,262,264,270,277,284,279,271,227,201,194],"all_points_y":[122,137,140,157,168,181,175,174,188,192,187,145,112,92,94,108,115]},"region_attributes":{"shape":"tumor"}}],"file_attributes":{}},"307.jpg22180":{"filename":"307.jpg","size":22180,"regions":[{"shape_attributes":{"name":"polygon","all_points_x":[195,181,198,224,241,266,278,280,243,201],"all_points_y":[126,144,156,165,170,167,159,110,108,121]},"region_attributes":{"shape":"tumor"}}],"file_attributes":{}},"308.jpg17558":{"filename":"308.jpg","size":17558,"regions":[{"shape_attributes":{"name":"polygon","all_points_x":[202,187,192,181,186,196,210,224,233,235,234,227,226,219],"all_points_y":[315,332,344,360,372,384,385,378,364,347,335,333,320,317]},"region_attributes":{"shape":"tumor"}}],"file_attributes":{}},"309.jpg17656":{"filename":"309.jpg","size":17656,"regions":[{"shape_attributes":{"name":"polygon","all_points_x":[201,186,187,182,187,206,218,228,237,243,238,230,214],"all_points_y":[318,331,341,365,378,387,386,377,372,349,333,316,313]},"region_attributes":{"shape":"tumor"}}],"file_attributes":{}},"310.jpg16209":{"filename":"310.jpg","size":16209,"regions":[{"shape_attributes":{"name":"polygon","all_points_x":[210,200,194,188,185,196,216,229,234,240,232,219],"all_points_y":[314,323,335,349,364,377,384,376,358,336,318,312]},"region_attributes":{"shape":"tumor"}}],"file_attributes":{}},"311.jpg17600":{"filename":"311.jpg","size":17600,"regions":[{"shape_attributes":{"name":"polygon","all_points_x":[264,251,251,258,274,290,301,297,284,272],"all_points_y":[231,240,255,272,281,275,267,243,231,227]},"region_attributes":{"shape":"tumor"}}],"file_attributes":{}},"312.jpg16645":{"filename":"312.jpg","size":16645,"regions":[{"shape_attributes":{"name":"polygon","all_points_x":[345,330,334,341,359,376,382,371,360,348],"all_points_y":[316,323,347,367,371,366,343,333,313,313]},"region_attributes":{"shape":"tumor"}}],"file_attributes":{}},"313.jpg15950":{"filename":"313.jpg","size":15950,"regions":[{"shape_attributes":{"name":"polygon","all_points_x":[256,250,245,252,270,296,303,295,276],"all_points_y":[223,247,264,278,280,277,256,239,229]},"region_attributes":{"shape":"tumor"}}],"file_attributes":{}},"314.jpg21764":{"filename":"314.jpg","size":21764,"regions":[{"shape_attributes":{"name":"polygon","all_points_x":[338,325,328,346,379,395,394,370,349],"all_points_y":[156,172,206,220,223,216,190,167,157]},"region_attributes":{"shape":"tumor"}}],"file_attributes":{}},"315.jpg13285":{"filename":"315.jpg","size":13285,"regions":[{"shape_attributes":{"name":"polygon","all_points_x":[184,210,222,212,191,156,139,167,172],"all_points_y":[146,146,162,173,188,201,197,168,158]},"region_attributes":{"shape":"tumor"}}],"file_attributes":{}},"316.jpg19587":{"filename":"316.jpg","size":19587,"regions":[{"shape_attributes":{"name":"polygon","all_points_x":[318,297,303,266,267,280,299,354,384,396,405,382,349,332,330,322],"all_points_y":[164,186,200,216,241,272,290,263,251,222,207,158,153,156,170,163]},"region_attributes":{"shape":"tumor"}}],"file_attributes":{}},"317.jpg19036":{"filename":"317.jpg","size":19036,"regions":[{"shape_attributes":{"name":"polygon","all_points_x":[347,318,290,258,265,278,308,343,373,384,398,412,399,384,360],"all_points_y":[130,152,179,226,260,283,298,293,284,260,259,252,200,164,134]},"region_attributes":{"shape":"tumor"}}],"file_attributes":{}},"318.jpg18554":{"filename":"318.jpg","size":18554,"regions":[{"shape_attributes":{"name":"polygon","all_points_x":[336,306,294,275,265,258,269,292,328,350,382,405,401,379,348],"all_points_y":[137,150,174,192,223,251,270,294,302,294,274,257,221,154,139]},"region_attributes":{"shape":"tumor"}}],"file_attributes":{}},"319.jpg19275":{"filename":"319.jpg","size":19275,"regions":[{"shape_attributes":{"name":"polygon","all_points_x":[322,310,280,266,260,280,303,352,404,384,369,336],"all_points_y":[136,152,179,216,254,278,297,298,257,204,163,135]},"region_attributes":{"shape":"tumor"}}],"file_attributes":{}},"320.jpg18660":{"filename":"320.jpg","size":18660,"regions":[{"shape_attributes":{"name":"polygon","all_points_x":[306,296,267,268,283,293,318,334,366,385,397,342,318],"all_points_y":[140,163,223,249,268,282,292,300,286,269,262,155,140]},"region_attributes":{"shape":"tumor"}}],"file_attributes":{}},"321.jpg18420":{"filename":"321.jpg","size":18420,"regions":[{"shape_attributes":{"name":"polygon","all_points_x":[301,292,293,282,277,283,298,324,350,378,341,318],"all_points_y":[149,159,174,196,224,255,270,282,286,261,177,154]},"region_attributes":{"shape":"tumor"}}],"file_attributes":{}},"322.jpg25582":{"filename":"322.jpg","size":25582,"regions":[{"shape_attributes":{"name":"polygon","all_points_x":[180,178,206,217,221,215,191,179,157,149,160,168],"all_points_y":[299,310,305,316,338,361,370,370,344,336,317,313]},"region_attributes":{"shape":"tumor"}}],"file_attributes":{}},"323.jpg16444":{"filename":"323.jpg","size":16444,"regions":[{"shape_attributes":{"name":"polygon","all_points_x":[352,335,332,334,332,348,366,376,374,365],"all_points_y":[314,320,333,346,360,370,367,355,334,319]},"region_attributes":{"shape":"tumor"}}],"file_attributes":{}},"324.jpg25078":{"filename":"324.jpg","size":25078,"regions":[{"shape_attributes":{"name":"polygon","all_points_x":[139,154,168,181,204,213,226,222,217,194,178,162,147,136,140],"all_points_y":[324,324,307,307,300,312,330,347,362,376,368,362,360,340,332]},"region_attributes":{"shape":"tumor"}}],"file_attributes":{}},"325.jpg22521":{"filename":"325.jpg","size":22521,"regions":[{"shape_attributes":{"name":"polygon","all_points_x":[163,189,209,222,218,206,196,194,180,162,146,140,150],"all_points_y":[322,302,309,331,348,368,371,380,374,366,351,331,324]},"region_attributes":{"shape":"tumor"}}],"file_attributes":{}},"326.jpg16993":{"filename":"326.jpg","size":16993,"regions":[{"shape_attributes":{"name":"polygon","all_points_x":[221,229,252,268,290,301,288,277,270,258,246,212,188,182,196,208,220],"all_points_y":[302,268,271,279,286,306,332,346,377,406,424,414,380,350,326,320,309]},"region_attributes":{"shape":"tumor"}}],"file_attributes":{}},"327.jpg16102":{"filename":"327.jpg","size":16102,"regions":[{"shape_attributes":{"name":"polygon","all_points_x":[266,268,286,318,346,278,272,230,212,252],"all_points_y":[158,196,220,233,217,156,131,134,147,159]},"region_attributes":{"shape":"tumor"}}],"file_attributes":{}},"328.jpg16372":{"filename":"328.jpg","size":16372,"regions":[{"shape_attributes":{"name":"polygon","all_points_x":[243,211,199,182,194,180,182,196,217,236,256,280,284,295,290,270],"all_points_y":[255,281,295,316,325,346,379,400,414,421,413,372,354,308,272,260]},"region_attributes":{"shape":"tumor"}}],"file_attributes":{}},"329.jpg17650":{"filename":"329.jpg","size":17650,"regions":[{"shape_attributes":{"name":"polygon","all_points_x":[238,198,192,180,174,188,202,220,262,281,296,300,288,261],"all_points_y":[258,277,296,328,357,390,405,418,402,378,342,303,267,260]},"region_attributes":{"shape":"tumor"}}],"file_attributes":{}},"330.jpg15804":{"filename":"330.jpg","size":15804,"regions":[{"shape_attributes":{"name":"polygon","all_points_x":[229,192,185,178,189,221,256,286,305,294,281,241],"all_points_y":[258,294,322,355,395,408,408,379,329,287,258,252]},"region_attributes":{"shape":"tumor"}}],"file_attributes":{}},"331.jpg15672":{"filename":"331.jpg","size":15672,"regions":[{"shape_attributes":{"name":"polygon","all_points_x":[234,204,200,187,204,232,253,270,284,298,289,283,255],"all_points_y":[257,280,310,380,398,412,406,382,354,315,293,257,260]},"region_attributes":{"shape":"tumor"}}],"file_attributes":{}},"332.jpg15574":{"filename":"332.jpg","size":15574,"regions":[{"shape_attributes":{"name":"polygon","all_points_x":[242,209,209,192,210,240,257,258,265,278,282,269,254],"all_points_y":[261,287,312,372,385,392,388,362,342,306,276,263,263]},"region_attributes":{"shape":"tumor"}}],"file_attributes":{}},"333.jpg16858":{"filename":"333.jpg","size":16858,"regions":[{"shape_attributes":{"name":"polygon","all_points_x":[241,248,253,255,280,300,312,297,274,261],"all_points_y":[264,288,310,326,322,306,279,254,256,262]},"region_attributes":{"shape":"tumor"}}],"file_attributes":{}},"334.jpg20295":{"filename":"334.jpg","size":20295,"regions":[{"shape_attributes":{"name":"polygon","all_points_x":[337,324,313,309,315,341,363,385,384,368,360,348,339],"all_points_y":[163,168,183,206,217,221,216,201,179,170,159,165,166]},"region_attributes":{"shape":"tumor"}}],"file_attributes":{}},"335.jpg17901":{"filename":"335.jpg","size":17901,"regions":[{"shape_attributes":{"name":"polygon","all_points_x":[221,180,152,145,144,170,212,234,250,236,226],"all_points_y":[208,195,207,230,293,320,316,295,265,232,218]},"region_attributes":{"shape":"tumor"}}],"file_attributes":{}},"336.jpg17493":{"filename":"336.jpg","size":17493,"regions":[{"shape_attributes":{"name":"polygon","all_points_x":[262,255,242,240,252,266,283,300,314,315,294,276,274,268],"all_points_y":[249,262,274,290,309,324,324,318,296,268,251,251,252,249]},"region_attributes":{"shape":"tumor"}}],"file_attributes":{}},"337.jpg16689":{"filename":"337.jpg","size":16689,"regions":[{"shape_attributes":{"name":"polygon","all_points_x":[272,270,290,305,309,306,286,270,264,249,242,256],"all_points_y":[250,258,252,260,278,299,321,317,322,294,278,258]},"region_attributes":{"shape":"tumor"}}],"file_attributes":{}},"338.jpg19407":{"filename":"338.jpg","size":19407,"regions":[{"shape_attributes":{"name":"polygon","all_points_x":[307,300,311,326,336,332,315],"all_points_y":[166,182,200,199,190,172,164]},"region_attributes":{"shape":"tumor"}}],"file_attributes":{}},"339.jpg23292":{"filename":"339.jpg","size":23292,"regions":[{"shape_attributes":{"name":"polygon","all_points_x":[222,208,199,195,215,246,262,266,277,288,255,237],"all_points_y":[231,244,257,275,288,290,277,262,244,229,228,231]},"region_attributes":{"shape":"tumor"}}],"file_attributes":{}},"340.jpg16264":{"filename":"340.jpg","size":16264,"regions":[{"shape_attributes":{"name":"polygon","all_points_x":[295,287,292,315,327,325,306],"all_points_y":[248,263,282,288,273,252,245]},"region_attributes":{"shape":"tumor"}}],"file_attributes":{}},"341.jpg21714":{"filename":"341.jpg","size":21714,"regions":[{"shape_attributes":{"name":"polygon","all_points_x":[218,194,194,200,194,215,246,266,280,290,284,251,236,227,224],"all_points_y":[204,219,247,264,284,296,292,275,255,240,214,220,222,217,206]},"region_attributes":{"shape":"tumor"}}],"file_attributes":{}},"342.jpg21478":{"filename":"342.jpg","size":21478,"regions":[{"shape_attributes":{"name":"polygon","all_points_x":[212,191,181,190,208,227,259,275,282,280,283,290,268,241,223],"all_points_y":[198,214,241,264,281,294,278,261,250,228,211,201,192,196,194]},"region_attributes":{"shape":"tumor"}}],"file_attributes":{}},"343.jpg21037":{"filename":"343.jpg","size":21037,"regions":[{"shape_attributes":{"name":"polygon","all_points_x":[231,207,197,183,200,213,240,260,278,276,254],"all_points_y":[205,202,214,235,280,284,285,266,245,216,204]},"region_attributes":{"shape":"tumor"}}],"file_attributes":{}},"344.jpg21679":{"filename":"344.jpg","size":21679,"regions":[{"shape_attributes":{"name":"polygon","all_points_x":[222,196,185,187,203,220,241,257,264,244,231],"all_points_y":[208,219,238,255,268,276,273,253,233,219,207]},"region_attributes":{"shape":"tumor"}}],"file_attributes":{}},"345.jpg18612":{"filename":"345.jpg","size":18612,"regions":[{"shape_attributes":{"name":"polygon","all_points_x":[323,306,302,308,338,371,386,395,384,366,331],"all_points_y":[170,181,213,242,255,250,232,207,178,160,159]},"region_attributes":{"shape":"tumor"}}],"file_attributes":{}},"346.jpg23581":{"filename":"346.jpg","size":23581,"regions":[{"shape_attributes":{"name":"polygon","all_points_x":[312,285,287,292,288,299,323,338,363,370,371,365,364,338,321],"all_points_y":[283,309,335,360,384,394,398,384,366,344,325,314,294,288,284]},"region_attributes":{"shape":"tumor"}}],"file_attributes":{}},"347.jpg17705":{"filename":"347.jpg","size":17705,"regions":[{"shape_attributes":{"name":"polygon","all_points_x":[312,282,279,284,293,294,302,324,350,381,397,399,373,352,335,332,316],"all_points_y":[157,171,197,220,229,252,260,258,261,255,234,201,159,140,144,157,161]},"region_attributes":{"shape":"tumor"}}],"file_attributes":{}},"348.jpg16631":{"filename":"348.jpg","size":16631,"regions":[{"shape_attributes":{"name":"polygon","all_points_x":[309,284,269,269,274,286,358,390,402,365,335,321],"all_points_y":[158,166,184,205,235,257,273,257,232,153,140,146]},"region_attributes":{"shape":"tumor"}}],"file_attributes":{}},"349.jpg16207":{"filename":"349.jpg","size":16207,"regions":[{"shape_attributes":{"name":"polygon","all_points_x":[330,293,277,274,266,272,303,332,353,396,384,370,343],"all_points_y":[143,168,173,195,225,254,265,270,265,239,191,164,143]},"region_attributes":{"shape":"tumor"}}],"file_attributes":{}},"350.jpg15919":{"filename":"350.jpg","size":15919,"regions":[{"shape_attributes":{"name":"polygon","all_points_x":[326,302,284,277,280,271,280,307,337,365,386,386,370,348,335],"all_points_y":[146,166,166,185,197,219,256,262,263,255,242,214,190,161,152]},"region_attributes":{"shape":"tumor"}}],"file_attributes":{}},"351.jpg15824":{"filename":"351.jpg","size":15824,"regions":[{"shape_attributes":{"name":"polygon","all_points_x":[310,291,283,283,290,279,283,304,329,365,374,366,340,322,322],"all_points_y":[175,162,172,195,203,220,239,246,243,239,217,192,162,156,171]},"region_attributes":{"shape":"tumor"}}],"file_attributes":{}},"352.jpg26380":{"filename":"352.jpg","size":26380,"regions":[{"shape_attributes":{"name":"polygon","all_points_x":[220,219,216,200,191,237,254,276,292,307,296,273,274,281,273,251,235],"all_points_y":[220,255,274,293,312,275,272,280,304,301,279,264,242,229,217,217,210]},"region_attributes":{"shape":"tumor"}}],"file_attributes":{}},"353.jpg17566":{"filename":"353.jpg","size":17566,"regions":[{"shape_attributes":{"name":"polygon","all_points_x":[224,200,194,193,208,222,243,242,241,227],"all_points_y":[316,314,322,344,360,364,357,340,326,314]},"region_attributes":{"shape":"tumor"}}],"file_attributes":{}},"354.jpg17735":{"filename":"354.jpg","size":17735,"regions":[{"shape_attributes":{"name":"polygon","all_points_x":[213,201,188,184,201,223,250,263,262,250,232],"all_points_y":[301,300,316,343,373,373,361,344,318,301,300]},"region_attributes":{"shape":"tumor"}}],"file_attributes":{}},"355.jpg17102":{"filename":"355.jpg","size":17102,"regions":[{"shape_attributes":{"name":"polygon","all_points_x":[204,187,184,182,194,222,248,262,254,225],"all_points_y":[294,304,325,352,370,380,367,342,306,298]},"region_attributes":{"shape":"tumor"}}],"file_attributes":{}},"356.jpg17970":{"filename":"356.jpg","size":17970,"regions":[{"shape_attributes":{"name":"polygon","all_points_x":[221,202,203,212,229,262,281,277,254,238],"all_points_y":[293,308,337,363,370,358,342,309,293,294]},"region_attributes":{"shape":"tumor"}}],"file_attributes":{}},"357.jpg17490":{"filename":"357.jpg","size":17490,"regions":[{"shape_attributes":{"name":"polygon","all_points_x":[206,238,252,251,228,201,139,126,155,176],"all_points_y":[182,214,236,284,314,338,324,268,186,182]},"region_attributes":{"shape":"tumor"}},{"shape_attributes":{"name":"polygon","all_points_x":[283,296,317,334,309,295],"all_points_y":[315,344,336,314,296,302]},"region_attributes":{"shape":"tumor"}}],"file_attributes":{}},"358.jpg17877":{"filename":"358.jpg","size":17877,"regions":[{"shape_attributes":{"name":"polygon","all_points_x":[226,194,200,210,232,255,272,285,277,253,240],"all_points_y":[286,315,342,370,378,380,357,331,303,292,292]},"region_attributes":{"shape":"tumor"}}],"file_attributes":{}},"359.jpg17877":{"filename":"359.jpg","size":17877,"regions":[{"shape_attributes":{"name":"polygon","all_points_x":[226,202,198,204,232,250,276,282,270,251],"all_points_y":[285,303,326,364,376,378,360,325,296,293]},"region_attributes":{"shape":"tumor"}}],"file_attributes":{}},"360.jpg17432":{"filename":"360.jpg","size":17432,"regions":[{"shape_attributes":{"name":"polygon","all_points_x":[214,192,201,216,251,273,279,272,241,220],"all_points_y":[290,312,345,365,367,359,330,303,289,284]},"region_attributes":{"shape":"tumor"}}],"file_attributes":{}}}